epoch,train_loss,valid_loss,train_kd,valid_accuracy,valid_accuracy_smoothed,valid_balanced_accuracy,valid_balanced_accuracy_smoothed,valid_mae,valid_mae_smoothed,valid_occupancy_accuracy,valid_occupancy_f1,valid_occupancy_threshold,valid_empty_threshold,learning_rate
0,0.3658554548362516,0.19153624773025513,0.0,0.34574468085106386,0.34574468085106386,0.4667537443399512,0.4667537443399512,0.9361702127659575,0.9361702127659575,0.7106382978723405,0.7490774907749077,0.43,0.24231747314333918,0.001
1,0.16697384220249248,0.1801886260509491,0.0,0.2978723404255319,0.3313829787234043,0.453448275862069,0.4627621037965865,0.925531914893617,0.9329787234042553,0.7531914893617021,0.7777777777777778,0.43,0.18457454731687903,0.0009997482711915926
2,0.16241171393754347,0.18039560317993164,0.0,0.3829787234042553,0.34686170212765954,0.4949233716475096,0.4724104841518634,0.7446808510638298,0.8764893617021277,0.7446808510638298,0.7714285714285715,0.44,0.17027735388837756,0.0009989933382359422
3,0.16438207705065888,0.18144375085830688,0.0,0.4095744680851064,0.36567553191489355,0.482088122605364,0.47531377568791355,0.9574468085106383,0.9007765957446808,0.725531914893617,0.774869109947644,0.41,0.21623409766703847,0.0009977359612865424
4,0.16183984181228675,0.17719338834285736,0.0,0.39361702127659576,0.3740579787234042,0.5004789272030651,0.482863321142459,0.7978723404255319,0.8699053191489361,0.7638297872340426,0.7917448405253282,0.43,0.16107564036152328,0.0009959774064153978
5,0.15719035408406887,0.1753121167421341,0.0,0.3351063829787234,0.36237249999999993,0.4669540229885058,0.478090531696273,0.7712765957446809,0.8403167021276594,0.8053191489361702,0.8248803827751197,0.38,0.14706726990407332,0.0009937194443381972
6,0.1593834487897045,0.1778380125761032,0.0,0.32978723404255317,0.3525969202127659,0.47049208398092773,0.47581099738166943,0.824468085106383,0.8355621170212765,0.7861702127659574,0.8046647230320698,0.43,0.1700668241654057,0.0009909643486313534
7,0.16096857133901343,0.17563705146312714,0.0,0.4946808510638298,0.39522209946808506,0.5828125503074794,0.5079114632594124,0.5638297872340425,0.7540424180851063,0.7659574468085106,0.7817460317460317,0.41,0.17728323706658558,0.0009877148934427035
8,0.15643037827509754,0.17499500513076782,0.0,0.3829787234042553,0.3915490866489361,0.5208248816768086,0.5117854887846313,0.7021276595744681,0.7384679905319148,0.7893617021276595,0.8035714285714285,0.45,0.18625379145145415,0.0009839743506981783
9,0.1557205707397101,0.16980069875717163,0.0,0.3776595744680851,0.38738223299468083,0.4889360132767841,0.5049306461322771,0.75,0.7419275933723403,0.8117021276595745,0.8210313447927199,0.47,0.15922020457801409,0.0009797464868072487
10,0.15420541364067006,0.17234891653060913,0.0,0.4787234042553192,0.4147845843728723,0.5638357641907338,0.5226021815498141,0.6223404255319149,0.7060514430202126,0.7755319148936171,0.7912957467853611,0.49,0.14243263863027097,0.0009750355588704727
11,0.15633375886476264,0.16580191254615784,0.0,0.3670212765957447,0.40045559203973397,0.5016304013768517,0.5163106474979253,0.675531914893617,0.6968955845822339,0.8202127659574469,0.8263103802672148,0.53,0.16227490664692595,0.0009698463103929542
12,0.15293349058560604,0.16657553613185883,0.0,0.40425531914893614,0.4015955101724946,0.5278812465425041,0.519781827211299,0.6702127659574468,0.6888907389947977,0.8,0.8016877637130801,0.5800000000000001,0.13715696564642713,0.0009641839665080363
13,0.15266218401913373,0.16988566517829895,0.0,0.5691489361702128,0.45186153797181006,0.667725940951093,0.5641650613332372,0.4734042553191489,0.6242447938921031,0.7819148936170213,0.8011639185257032,0.48,0.1508349947165698,0.0009580542287160348
14,0.15193966691786387,0.16590645909309387,0.0,0.43617021276595747,0.44715414041005425,0.5358575614153708,0.5556728113578773,0.7127659574468085,0.6508011429585147,0.8127659574468085,0.8330170777988614,0.48,0.16061784480349162,0.0009514632691433108
15,0.15037083260293277,0.16651596128940582,0.0,0.48936170212765956,0.4598164089253358,0.5725659229208925,0.5607407448267818,0.601063829787234,0.6358799490071304,0.8031914893617021,0.8226270373921379,0.44,0.12026465032249689,0.0009444177243274617
16,0.14883125278185,0.1645238846540451,0.0,0.5,0.471871486247735,0.6031552851025468,0.5734651069095114,0.574468085106383,0.6174563898369061,0.8276595744680851,0.8427184466019417,0.43,0.15273744623409582,0.0009369246885348925
17,0.14747538895539516,0.16819098591804504,0.0,0.48936170212765956,0.47711855101171236,0.5921174216813162,0.5790608013410528,0.5425531914893617,0.5949854303326427,0.7957446808510639,0.8121330724070451,0.47,0.18746563916793094,0.0009289917066174886
18,0.1477951742005798,0.15982846915721893,0.0,0.4574468085106383,0.4712170282613901,0.583079783637593,0.5802664960300148,0.5851063829787234,0.5920217161264669,0.8212765957446808,0.8326693227091633,0.46,0.10956903982441873,0.0009206267664155906
19,0.15357181486093774,0.1642545908689499,0.0,0.5,0.47985191978297304,0.6047882475874362,0.5876230214972412,0.5106382978723404,0.567606690650229,0.8106382978723404,0.8183673469387754,0.6000000000000001,0.15256745835475158,0.0009118382907149164
20,0.14945805283649913,0.16289573907852173,0.0,0.526595744680851,0.49387506725233643,0.5992055442866802,0.5910977783340728,0.601063829787234,0.5776438323913304,0.7968085106382978,0.8199811498586239,0.42,0.13016842695884406,0.0009026351287655293
21,0.14829742486746805,0.16305263340473175,0.0,0.43617021276595747,0.4765636109064227,0.5491850554223779,0.5785239614605643,0.6329787234042553,0.5942442996952079,0.8180851063829787,0.8334956183057449,0.47,0.1472344549285481,0.0008930265473713938
22,0.150641050260022,0.164728045463562,0.0,0.5319148936170213,0.49316899571960227,0.6410637818345729,0.5972859075727668,0.5,0.5659710097866455,0.7936170212765957,0.8048289738430583,0.51,0.1416455578015302,0.000883022221559489
23,0.1514100266515084,0.1601065993309021,0.0,0.5372340425531915,0.506388509769679,0.6335402708627861,0.6081622165597725,0.4787234042553192,0.5397967281272475,0.8297872340425532,0.8387096774193549,0.53,0.15177223386097466,0.0008726322248378774
24,0.14635175986672347,0.16098633408546448,0.0,0.44680851063829785,0.4885145100302646,0.5779130042821726,0.5990874528764926,0.601063829787234,0.5581768586252435,0.8521276595744681,0.8627838104639683,0.54,0.1548750689951703,0.000861867019052535
25,0.147142009071584,0.16193248331546783,0.0,0.4946808510638298,0.4903644123403341,0.5871068699162005,0.5954932779884049,0.5531914893617021,0.556681247846181,0.8276595744680851,0.8402366863905325,0.46,0.14439307096297854,0.0008507374438531607
26,0.14504027844599957,0.15982939302921295,0.0,0.44148936170212766,0.4757018971488721,0.5657016411580306,0.5865557869392926,0.5638297872340425,0.5588258096625394,0.8425531914893617,0.8483606557377049,0.5700000000000001,0.14319332794402728,0.0008392547057785661
27,0.1460213485472607,0.15878859162330627,0.0,0.4787234042553192,0.4766083492808062,0.6038298809596984,0.5917380151454142,0.5425531914893617,0.553944024210586,0.8382978723404255,0.839662447257384,0.6000000000000001,0.11352399862837045,0.0008274303669726426
28,0.14736998207726568,0.15899139642715454,0.0,0.526595744680851,0.49160456790081963,0.5989427746020038,0.5938994429823911,0.526595744680851,0.5457395403516655,0.8393617021276596,0.8566001899335233,0.41,0.13447991877794266,0.0008152763335422613
29,0.14888935325280675,0.15762606263160706,0.0,0.43617021276595747,0.47497426136036097,0.5626042370971377,0.584510881216815,0.5957446808510638,0.5607410825014849,0.8361702127659575,0.8484251968503936,0.4,0.14342323921620848,0.0008028048435688333
30,0.14719146293289256,0.1590111255645752,0.0,0.4946808510638298,0.48088623827140164,0.602501690331305,0.589908123951162,0.5372340425531915,0.5536889705169968,0.8414893617021276,0.8526211671612265,0.51,0.14892649622634055,0.0007900284547855992
31,0.14973726896744854,0.16050821542739868,0.0,0.5319148936170213,0.49619483487508753,0.614317106152806,0.5972308186116552,0.5319148936170213,0.5471567474470042,0.8106382978723404,0.8301526717557253,0.42,0.1641494534024969,0.0007769600319330552
32,0.14690920260717283,0.15907792747020721,0.0,0.5797872340425532,0.5212725546253272,0.6981223419357293,0.6274982756088774,0.43617021276595747,0.5138607870426901,0.8340425531914893,0.837160751565762,0.6100000000000001,0.13277009251178243,0.0007636127338052513
33,0.14567124449981833,0.15812772512435913,0.0,0.5159574468085106,0.5196780222802821,0.6353002643063496,0.629838872218119,0.48404255319148937,0.5049153168873299,0.8670212765957447,0.873353596757852,0.53,0.11691335672978312,0.00075
34,0.14423971876220884,0.1593574583530426,0.0,0.48404255319148937,0.5089873815536443,0.6029073698444894,0.62175942150603,0.574468085106383,0.5257811473530458,0.8425531914893617,0.8537549407114625,0.48,0.13906058972468602,0.0007361355373863414
35,0.1415185565656086,0.15724945068359375,0.0,0.4627659574468085,0.49512095432159353,0.5894210871391398,0.6120579211959629,0.5638297872340425,0.5371957393173448,0.8553191489361702,0.8597938144329896,0.5700000000000001,0.14349189235043014,0.0007220333063028871
36,0.14453520836695186,0.1576942801475525,0.0,0.4627659574468085,0.485414455259158,0.58985493884074,0.605397026489396,0.5585106382978723,0.543590209011503,0.85,0.8501594048884166,0.6900000000000001,0.12387218132789711,0.0007077075065009433
37,0.13873372775203777,0.15738162398338318,0.0,0.5372340425531915,0.5009603314473681,0.6616919704140799,0.6222855096668012,0.46808510638297873,0.5209386782229457,0.8702127659574468,0.8767676767676768,0.5700000000000001,0.13220786287565717,0.0006931725628465643
38,0.1448022245236163,0.15399609506130219,0.0,0.48936170212765956,0.4974807426514555,0.6119434712233901,0.6191828981337779,0.5106382978723404,0.517848564117764,0.8595744680851064,0.8636363636363636,0.65,0.10972140279598534,0.0006784431107959359
39,0.14277905774004054,0.1557782143354416,0.0,0.5106382978723404,0.5014280092177209,0.6471868789313009,0.6275840923730347,0.5053191489361702,0.5140897395632859,0.847872340425532,0.8527291452111224,0.63,0.12755488569498993,0.0006635339816587109
40,0.13920689852170223,0.15439140796661377,0.0,0.526595744680851,0.5089783298566599,0.611105476673428,0.6226405076631526,0.5,0.5098628176943001,0.8659574468085106,0.8790786948176584,0.4,0.1361679697385989,0.0006484601876641375
41,0.14197853910473157,0.1553409993648529,0.0,0.5053191489361702,0.5078805755805129,0.6095648604269294,0.6187178134922856,0.5212765957446809,0.5132869511094142,0.8489361702127659,0.8580000000000001,0.5800000000000001,0.13311717191245406,0.0006332369068450174
42,0.1431578610022113,0.1555802971124649,0.0,0.526595744680851,0.5134951263106143,0.6354995185116888,0.6237523249981065,0.4787234042553192,0.5029178870531856,0.8723404255319149,0.8760330578512397,0.6200000000000001,0.14818588092457502,0.0006178794677547138
43,0.14398471181685069,0.1550786793231964,0.0,0.5425531914893617,0.5222125458642385,0.6457741717376605,0.6303588790199727,0.4574468085106383,0.4892765634904214,0.8617021276595744,0.867075664621677,0.55,0.1329922551898926,0.0006024033340325954
44,0.14237229188658157,0.155068501830101,0.0,0.48936170212765956,0.5123572927432648,0.6156555412133505,0.625947877677986,0.5212765957446809,0.4988765731666992,0.8638297872340426,0.8666666666666666,0.68,0.12923574883956462,0.0005868240888334653
45,0.14071223603666955,0.15524505078792572,0.0,0.5212765957446809,0.5150330836436896,0.649464216198496,0.633002779234139,0.48936170212765956,0.4960221118549873,0.8638297872340426,0.8644067796610169,0.67,0.13928169117541986,0.0005711574191366427
46,0.14423964074197806,0.15392379462718964,0.0,0.5159574468085106,0.5153103925931359,0.6280707685373,0.6315231760250872,0.48936170212765956,0.49402398893678895,0.8617021276595744,0.8705179282868526,0.5,0.1189754848089069,0.0005554190999505056
47,0.14465268645084128,0.15039652585983276,0.0,0.5372340425531915,0.5218874875811526,0.6501116643104473,0.6370997225106951,0.46808510638297873,0.48624232417064583,0.874468085106383,0.8790983606557377,0.6100000000000001,0.12308726782066515,0.0005396249784283942
48,0.13971449167660946,0.1557549387216568,0.0,0.526595744680851,0.5232999647110621,0.642534370069867,0.6387301167784467,0.48936170212765956,0.4871781375577499,0.8680851063829788,0.8739837398373984,0.55,0.13818707997910679,0.0005237909579118712
49,0.14046991026064135,0.15472190082073212,0.0,0.4946808510638298,0.5147142306168924,0.6143560349949801,0.6314178922434067,0.5212765957446809,0.4974076750138292,0.8659574468085106,0.8665254237288136,0.7200000000000001,0.12362584957736544,0.000507932981917404
50,0.1417745531729932,0.15627315640449524,0.0,0.5425531914893617,0.5230659188786331,0.6635789948163173,0.6410662230152799,0.4734042553191489,0.4902066491054251,0.8606382978723405,0.8607863974495217,0.7400000000000001,0.12920275364653208,0.000492067018082596
51,0.1391126722940859,0.1521248072385788,0.0,0.526595744680851,0.5241248666192985,0.6366074538488332,0.6397285922653458,0.5106382978723404,0.4963361437354996,0.8765957446808511,0.8851485148514852,0.47,0.1339938170026289,0.0004762090420881289
52,0.13981898705352028,0.15308941900730133,0.0,0.5319148936170213,0.5264618747186153,0.641829040916262,0.6403587268606207,0.4734042553191489,0.48945657721059443,0.8691489361702127,0.8722741433021806,0.68,0.12897650114959106,0.00046037502157160573
53,0.14096941124155837,0.1557908058166504,0.0,0.5372340425531915,0.529693525068988,0.6479874813039114,0.6426473531936079,0.4734042553191489,0.4846408806431608,0.8563829787234043,0.8580441640378549,0.7100000000000001,0.14342538778844754,0.00044458090004949454
54,0.1365039975575681,0.15241658687591553,0.0,0.5585106382978723,0.5383386590376533,0.6748248202102157,0.6523005932985902,0.44148936170212766,0.4716954249608508,0.8648936170212767,0.8713272543059777,0.53,0.1517554378337809,0.0004288425808633575
55,0.13999042027401473,0.15013939142227173,0.0,0.5319148936170213,0.5364115294114636,0.646191632347819,0.6504679050133588,0.4734042553191489,0.4722080740683402,0.8712765957446809,0.8753861997940268,0.63,0.11339606300869491,0.00041317591116653486
56,0.13848216199087646,0.15247580409049988,0.0,0.5691489361702128,0.5462327514390883,0.6868896879545966,0.6613944398957301,0.4308510638297872,0.4598009709967743,0.8797872340425532,0.8829015544041451,0.7200000000000001,0.12900845149706583,0.0003975966659674047
57,0.13736688584651588,0.15221327543258667,0.0,0.5691489361702128,0.5531076068584256,0.6725003585551251,0.6647262154935486,0.4308510638297872,0.4511159988466782,0.8563829787234043,0.8577449947312962,0.7300000000000001,0.14280840749735943,0.0003821205322452863
58,0.1392168034360094,0.15042924880981445,0.0,0.5904255319148937,0.5643029843753661,0.7077883295428934,0.677644849708352,0.4148936170212766,0.4402492842990577,0.8659574468085106,0.8684759916492694,0.67,0.14300851944455645,0.0003667630931549826
59,0.1402355305991083,0.14958031475543976,0.0,0.601063829787234,0.5753312379989265,0.7153656237834737,0.6889610819308885,0.4095744680851064,0.43104683943487226,0.8797872340425532,0.8821689259645464,0.7200000000000001,0.11971173484809697,0.00035153981233586274
60,0.1393029622311862,0.1495356559753418,0.0,0.5425531914893617,0.5654978240460571,0.6568868195135943,0.6793388032057002,0.4574468085106383,0.4389668301576021,0.874468085106383,0.8752642706131076,0.7500000000000001,0.10472703071602155,0.0003364660183412892
61,0.13782342776374998,0.14982232451438904,0.0,0.5797872340425532,0.5697846470450059,0.6862094576597619,0.6813999995419187,0.425531914893617,0.4349363555784065,0.874468085106383,0.8786008230452675,0.64,0.13535734762204812,0.00032155688920406414
62,0.13699322952976767,0.14803925156593323,0.0,0.6063829787234043,0.5807641465485254,0.700144446493331,0.6870233336273424,0.40425531914893614,0.4257320446495654,0.8723404255319149,0.8767967145790554,0.63,0.13905157631030307,0.00030682743715343565
63,0.13775220260305224,0.14937572181224823,0.0,0.5957446808510638,0.5852583068392869,0.7050730428012376,0.6924382463795109,0.4095744680851064,0.42088477168022764,0.8797872340425532,0.8833849329205367,0.5900000000000001,0.1402040624059737,0.0002922924934990568
64,0.139631893977804,0.14792285859584808,0.0,0.601063829787234,0.589999963723671,0.7091641567807896,0.6974560194998944,0.39893617021276595,0.41430019123998907,0.8797872340425532,0.880927291886196,0.7100000000000001,0.1346290324945585,0.0002779666936971129
65,0.13865919186259215,0.1468394547700882,0.0,0.6542553191489362,0.6092765703512505,0.7507606490872213,0.7134474083760924,0.34574468085106386,0.3937335381233115,0.8946808510638298,0.8980432543769311,0.64,0.15348353836510795,0.0002638644626136587
66,0.13591138371881448,0.14888101816177368,0.0,0.601063829787234,0.6068127481820456,0.694363001208843,0.7077220862259176,0.40425531914893614,0.39689007243099883,0.8829787234042553,0.8886639676113361,0.63,0.11949133689515293,0.0002500000000000001
67,0.13798482884775917,0.1439502239227295,0.0,0.5957446808510638,0.603492327982751,0.7050730428012376,0.7069273731985135,0.40425531914893614,0.39909964644637996,0.8914893617021277,0.893528183716075,0.7200000000000001,0.1242223349181586,0.00023638726619474876
68,0.13931656924058805,0.14668521285057068,0.0,0.675531914893617,0.6251042040560107,0.7692723379843055,0.7256308626342511,0.324468085106383,0.37671017804438084,0.8925531914893617,0.8955532574974147,0.6900000000000001,0.1394976626103744,0.00022303996806694487
69,0.1340230202899789,0.14435240626335144,0.0,0.6861702127659575,0.6434240066689947,0.7535742823775279,0.7340138885572342,0.324468085106383,0.3610375501629815,0.9053191489361702,0.9112662013958126,0.51,0.15363706184667536,0.00020997154521440098
70,0.133861484252057,0.14441992342472076,0.0,0.6542553191489362,0.646673400412977,0.7486707849283913,0.7384109574685813,0.35106382978723405,0.35804543405025724,0.9,0.9024896265560166,0.6100000000000001,0.11939129557460545,0.00019719515643116677
71,0.13442327714753602,0.14531005918979645,0.0,0.648936170212766,0.6473522313529136,0.7422270371053333,0.7395557813596069,0.35106382978723405,0.3559509527713503,0.9,0.9026915113871636,0.63,0.12873642548569478,0.0001847236664577389
72,0.13635611168618472,0.14479926228523254,0.0,0.6329787234042553,0.6430401789683161,0.7287658532587539,0.7363188029293509,0.3670212765957447,0.35927204991866857,0.8925531914893617,0.8955532574974147,0.68,0.11939866899512708,0.0001725696330273575
73,0.13393782838335577,0.14366456866264343,0.0,0.6542553191489362,0.6464047210225021,0.7560370438666585,0.7422342752105431,0.35106382978723405,0.3568095838792382,0.9,0.9030927835051548,0.66,0.09970003886846826,0.00016074529422143398
74,0.13285771954172063,0.1456431895494461,0.0,0.6861702127659575,0.6583343685455387,0.7717100006146659,0.75107699283178,0.31382978723404253,0.3439156448856795,0.8946808510638298,0.8976215098241986,0.67,0.1536855261557503,0.00014926255614683932
75,0.13411661799786226,0.14273281395435333,0.0,0.6329787234042553,0.6507276750031536,0.7270755219538181,0.7438765515683913,0.3670212765957447,0.35084733439869903,0.8925531914893617,0.8953367875647669,0.7000000000000001,0.14895168686634863,0.0001381329809474649
76,0.13248977079144064,0.14460919797420502,0.0,0.6861702127659575,0.6613604363319947,0.7735488761857932,0.7527782489536118,0.31382978723404253,0.3397420702493021,0.8968085106382979,0.8994818652849741,0.67,0.13386262888554484,0.00012736777516212267
77,0.13043689010840542,0.1437159925699234,0.0,0.6648936170212766,0.6624203905387792,0.7398933554613066,0.7489127809059202,0.34574468085106386,0.3415428534298306,0.8946808510638298,0.8990825688073395,0.6000000000000001,0.16388836893253028,0.00011697777844051105
78,0.13118384553576415,0.14257629215717316,0.0,0.7287234042553191,0.6823112946537412,0.779199704960354,0.7579988581222502,0.2712765957446808,0.32046297612428565,0.9074468085106383,0.9116751269035532,0.5800000000000001,0.12865926792554092,0.00010697345262860636
79,0.13068837025817834,0.14163392782211304,0.0,0.6914893617021277,0.6850647147682571,0.7758810211649969,0.7633635070350742,0.30851063829787234,0.31687727477636163,0.9106382978723404,0.9139344262295083,0.6200000000000001,0.10971452430821954,0.0001
80,0.13438596590509955,0.14173273742198944,0.0,0.6968085106382979,0.6885878535292693,0.7643719138648145,0.7636660290839963,0.30319148936170215,0.31277153915196376,0.9095744680851063,0.9138804457953394,0.64,0.13904609714169056,0.0001
81,0.1284528170835297,0.1413293480873108,0.0,0.7287234042553191,0.7006285187470842,0.7780349130247711,0.7679766942662286,0.2765957446808511,0.30191880081062994,0.9042553191489362,0.911242603550296,0.52,0.18820196515414866,0.0001
82,0.13024818039727662,0.14192843437194824,0.0,0.6808510638297872,0.694695282271895,0.750910730018235,0.7628569049918305,0.3351063829787234,0.31187507546105797,0.9074468085106383,0.913260219341974,0.54,0.1241799207200529,0.0001
83,0.13035808911301056,0.142168328166008,0.0,0.6861702127659575,0.6921377614201137,0.757971192656791,0.7613911912913185,0.3191489361702128,0.3140572336738044,0.9042553191489362,0.9083503054989818,0.68,0.11910634708590806,0.0001
84,0.1323084243625965,0.14159467816352844,0.0,0.6861702127659575,0.6903474968238668,0.7704309832605979,0.7641031288821023,0.31382978723404253,0.31398899974187583,0.9095744680851063,0.9124613800205973,0.67,0.1242265018299804,0.0001
85,0.13243977008563168,0.1428261548280716,0.0,0.7180851063829787,0.6986687796916002,0.7802794681090828,0.7689560306501964,0.28191489361702127,0.3043667679044194,0.9031914893617021,0.9083585095669688,0.6100000000000001,0.14939122283249162,0.0001
86,0.1300993890694852,0.1418808251619339,0.0,0.7074468085106383,0.7013021883373116,0.7825701231380743,0.7730402583965597,0.2925531914893617,0.3008226949799021,0.9053191489361702,0.9075804776739356,0.7300000000000001,0.1242458921915386,0.0001
87,0.12970840452976948,0.1403561234474182,0.0,0.7021276595744681,0.7015498297084585,0.7857310426783043,0.776847493681083,0.2978723404255319,0.299937588613591,0.9085106382978724,0.9106029106029105,0.7500000000000001,0.13423649713309715,0.0001
88,0.13016396367324973,0.1420467346906662,0.0,0.6914893617021277,0.6985316893065592,0.7686976253406274,0.7744025331789461,0.30851063829787234,0.3025095035188754,0.9042553191489362,0.9072164948453608,0.7000000000000001,0.10943152105784976,0.0001
89,0.13004375221032016,0.14152316749095917,0.0,0.7074468085106383,0.7012062250677829,0.7706240908066467,0.7732690004672563,0.30851063829787234,0.30430984395257443,0.902127659574468,0.9078156312625252,0.6100000000000001,0.12941480677225625,0.0001
90,0.13091784097113698,0.14052902162075043,0.0,0.7127659574468085,0.7046741447814905,0.7620725510684944,0.7699100656476277,0.2925531914893617,0.30078284821361057,0.9074468085106383,0.9134328358208956,0.51,0.13847172435489483,0.0001
91,0.12661681071204958,0.13926996290683746,0.0,0.7021276595744681,0.7039101992193837,0.7733736963960087,0.770949154872142,0.2978723404255319,0.29990969587718697,0.9148936170212766,0.9180327868852458,0.7000000000000001,0.12424987067788607,0.0001
92,0.1260021597428142,0.14054402709007263,0.0,0.7393617021276596,0.7145456500918664,0.8006300325772943,0.7798534181836876,0.26063829787234044,0.28812827647573297,0.9031914893617021,0.9062821833161688,0.7200000000000001,0.1046878899645526,0.0001
93,0.13063273592939917,0.14077942073345184,0.0,0.7553191489361702,0.7267776997451576,0.8093972176122278,0.7887165580122496,0.24468085106382978,0.275094048852162,0.9106382978723404,0.9148073022312373,0.68,0.09974926069262438,0.0001
94,0.12805373249751217,0.1390993446111679,0.0,0.7606382978723404,0.7369358791833124,0.8026845534452026,0.7929069566421354,0.24468085106382978,0.2659700895156623,0.9212765957446809,0.9251012145748988,0.66,0.12928145935991778,0.0001
95,0.13139468501761276,0.14093297719955444,0.0,0.7127659574468085,0.7296849026623612,0.7828923105292273,0.789902562808263,0.2925531914893617,0.2739450201077721,0.9095744680851063,0.9129989764585464,0.7000000000000001,0.09933152624871582,0.0001
96,0.1309698169242661,0.13953016698360443,0.0,0.7446808510638298,0.7341836871828018,0.7965896285368901,0.7919086825268511,0.2553191489361702,0.2683572587562915,0.9212765957446809,0.9246435845213848,0.68,0.10947053959360346,0.0001
97,0.1320254182759321,0.14113010466098785,0.0,0.7393617021276596,0.7357370916662591,0.7884212305611901,0.7908624469371527,0.26063829787234044,0.26604157049110616,0.9095744680851063,0.9157581764122894,0.52,0.114545157388784,0.0001
98,0.1287006229724524,0.1407202035188675,0.0,0.7446808510638298,0.7384202194855303,0.7984510418587497,0.7931390254136317,0.2553191489361702,0.26282484402462536,0.9148936170212766,0.9188640973630833,0.7100000000000001,0.16440780021308457,0.0001
99,0.1309185671918797,0.1405588835477829,0.0,0.7659574468085106,0.7466813876824243,0.8061589526092569,0.7970450035723192,0.23404255319148937,0.25419015677468454,0.9148936170212766,0.9191919191919192,0.65,0.12947778301197105,0.0001
