epoch,train_loss,valid_loss,train_kd,valid_kd,valid_accuracy,valid_accuracy_smoothed,valid_balanced_accuracy,valid_balanced_accuracy_smoothed,valid_mae,valid_mae_smoothed,valid_occupancy_accuracy,valid_occupancy_accuracy_smoothed,valid_occupancy_f1,valid_occupancy_f1_smoothed,valid_occupancy_threshold,valid_occupancy_threshold_smoothed,valid_empty_threshold,valid_empty_threshold_smoothed,learning_rate
0,0.28218000550877376,0.20028530061244965,0.0,0.0,0.3617021276595745,0.3617021276595745,0.4504254366323332,0.4504254366323332,0.7420212765957447,0.7420212765957447,0.6792553191489362,0.6792553191489362,0.6629401900503075,0.6629401900503075,0.48,0.48,0.2749482905678451,0.2749482905678451,0.001
1,0.17445142075138273,0.1913934051990509,0.0,0.0,0.3377659574468085,0.3545212765957446,0.4401340996168583,0.4473380355276907,1.0292553191489362,0.8281914893617021,0.7218085106382979,0.6920212765957447,0.7676588183029764,0.6943557785261081,0.45,0.471,0.2404848899692297,0.26460927038826043,0.0009997482711915926
2,0.17054105114262058,0.187579944729805,0.0,0.0,0.2579787234042553,0.32555851063829777,0.4043035030103996,0.43442767577250335,0.949468085106383,0.8645744680851063,0.7664893617021277,0.7143617021276596,0.789650215620508,0.722944109654428,0.47,0.4706999999999999,0.14643901862902567,0.22915819486049,0.0009989933382359422
3,0.1652125525024702,0.17722518742084503,0.0,0.0,0.2925531914893617,0.3156569148936169,0.4460224894555523,0.437906119877418,0.9654255319148937,0.8948297872340425,0.7441489361702127,0.7232978723404255,0.7284020327498588,0.7245814865830573,0.65,0.5244899999999999,0.1780038021202199,0.21381187703840895,0.0009977359612865424
4,0.1618640160644954,0.17392955720424652,0.0,0.0,0.300531914893617,0.31111941489361694,0.45536244800950687,0.4431430183170446,0.9281914893617021,0.9048382978723404,0.7526595744680851,0.7321063829787233,0.7319884726224783,0.7268035823948836,0.6900000000000001,0.5741429999999998,0.16542757778108355,0.19929658726121133,0.0009959774064153978
5,0.15800362628585887,0.1729118973016739,0.0,0.0,0.35106382978723405,0.3231027393617021,0.4814429794906469,0.4546330066691253,0.8430851063829787,0.8863123404255318,0.7686170212765957,0.743059574468085,0.7919655667144906,0.7463521776907657,0.43,0.5309000999999999,0.10562914057081799,0.17119635325409333,0.0009937194443381972
6,0.1591397172437524,0.17054201662540436,0.0,0.0,0.31117021276595747,0.3195229813829787,0.44888079578748946,0.4529073434046345,0.8670212765957447,0.8805250212765956,0.776595744680851,0.7531204255319148,0.7972972972972974,0.7616357135727251,0.4,0.49163006999999986,0.11755588625208474,0.15510421315349074,0.0009909643486313534
7,0.15750524008049155,0.17507129907608032,0.0,0.0,0.26595744680851063,0.30345332101063827,0.4196334542176327,0.4429251766485339,0.9095744680851063,0.8892398553191487,0.7904255319148936,0.7643119574468085,0.7997967479674797,0.7730840238911514,0.51,0.4971410489999999,0.1366410995525075,0.14956527907319575,0.0009877148934427035
8,0.15452175088367373,0.1735595464706421,0.0,0.0,0.375,0.3249173247074468,0.4838586165918823,0.45520520863153835,0.8085106382978723,0.8650210902127657,0.7712765957446809,0.7664013489361701,0.7981220657276995,0.7805954364421158,0.4,0.4679987342999999,0.13804687966476195,0.1461097592506656,0.0009839743506981783
9,0.15592316980913,0.1718745082616806,0.0,0.0,0.3829787234042553,0.34233574431648933,0.45824036511156185,0.4561157555755454,0.9388297872340425,0.8871636993191487,0.7441489361702127,0.7597256251063829,0.7874502872293416,0.7826518916782835,0.35,0.4325991140099999,0.12617221810796764,0.1401284969078562,0.0009797464868072487
10,0.15635978606230808,0.17224840819835663,0.0,0.0,0.27925531914893614,0.3234116167662234,0.4374674739279201,0.4505212710812578,0.8776595744680851,0.8843124618638296,0.7861702127659574,0.7676590014042552,0.7981927710843373,0.7873141555000996,0.47,0.4438193798069999,0.13675965440110302,0.13911784415583023,0.0009750355588704727
11,0.15464113708936944,0.17114152014255524,0.0,0.0,0.3537234042553192,0.33250515301295214,0.49231707834649013,0.46306001326082746,0.7340425531914894,0.8392314892621274,0.8,0.7773613009829786,0.8118118118118118,0.7946634523936132,0.44,0.4426735658648999,0.16588893639564048,0.14714917182777332,0.0009698463103929542
12,-301.0238242564758,-258.8036804199219,0.0,0.0,0.1675531914893617,0.283019564555875,0.16755050505050506,0.37440716079773073,1.9441489361702127,1.170706723334553,0.523936170212766,0.7013337617519149,0.3255463451394123,0.6539283202173529,0.05,0.3248714961054299,0.7228926420211792,0.31987221288579504,0.0009641839665080363
13,-14389862.79796514,-104471888.0,0.0,0.0,0.31117021276595747,0.29146475901889973,0.25,0.3370850125584115,1.2765957446808511,1.2024734297384423,0.5404255319148936,0.6530612928008085,0.47058823529411764,0.5989262947403823,0.5,0.3774100472738009,1.0,0.5239105490200565,0.0009580542287160348
14,-4414998341.169222,-22060724224.0,0.0,0.0,0.09574468085106383,0.23274873556854897,0.25,0.310959508790888,2.24468085106383,1.5151356561360585,0.551063829787234,0.6224620538967361,0.24911032028469748,0.49398150240367683,0.5,0.4141870330916606,1.0,0.6667373843140395,0.0009514632691433108
15,-216018768921.57547,-552864776192.0,0.0,0.0,0.23670212765957446,0.2339347531958566,0.24107142857142858,0.28999308472505014,1.8058510638297873,1.602350278444177,0.550531914893617,0.6008830121958003,0.3484965304548959,0.45033601081904256,0.5,0.4399309231641624,1.0,0.7667161690198276,0.0009444177243274617
16,-2595541361532.981,-5464783323136.0,0.0,0.0,0.09574468085106383,0.19247773149241876,0.25,0.2779951593075351,2.24468085106383,1.795049450230073,0.551063829787234,0.5859372574732304,0.24911032028469748,0.389968303658739,0.5,0.4579516462149137,1.0,0.8367013183138794,0.0009369246885348925
17,-11810312662540.076,-21305044762624.0,0.0,0.0,0.09308510638297872,0.16265994395958672,0.24702380952380953,0.2687037543724174,2.257978723404255,1.9339282321823275,0.5484042553191489,0.5746773568270059,0.2412868632707775,0.34536387154235054,0.5,0.4705661523504395,1.0,0.8856909228197156,0.0009289917066174886
18,-48883024421008.91,-75407671951360.0,0.0,0.0,0.09574468085106383,0.14258536502702984,0.25,0.26309262806069217,2.24468085106383,2.027154017846778,0.551063829787234,0.5675932987150744,0.24911032028469748,0.3164878061650546,0.5,0.47939630664530763,1.0,0.9199836459738009,0.0009206267664155906
19,-127725731100362.88,-189791568134144.0,0.0,0.0,0.09574468085106383,0.12853315977424,0.25,0.2591648396424845,2.24468085106383,2.0924120678118934,0.551063829787234,0.5626344580367222,0.24911032028469748,0.29627456040094746,0.5,0.48557741465171533,1.0,0.9439885521816607,0.0009118382907149164
20,-348028658495217.5,-433908164329472.0,0.0,0.0,0.09574468085106383,0.11869661609728716,0.25,0.25641538774973915,2.24468085106383,2.1380927027874743,0.551063829787234,0.5591632695618757,0.24911032028469748,0.2821252883660725,0.5,0.4899041902562007,1.0,0.9607919865271624,0.0009026351287655293
21,-700571676662880.6,-863425999667200.0,0.0,0.0,0.09574468085106383,0.11181103552342016,0.25,0.2544907714248174,2.24468085106383,2.170069147270381,0.551063829787234,0.5567334376294831,0.24911032028469748,0.27222079794166,0.5,0.4929329331793405,1.0,0.9725543905690135,0.0008930265473713938
22,-1088807814906474.2,-1422742544973824.0,0.0,0.0,0.10106382978723404,0.10858687380256432,0.25595238095238093,0.25492925428308644,2.2180851063829787,2.18447393500416,0.5563829787234043,0.5566282999576595,0.2645502645502646,0.26991963792424134,0.5,0.4950530532255383,1.0,0.9807880733983094,0.000883022221559489
23,-2014873541977764.2,-2039732716437504.0,0.0,0.0,0.09574468085106383,0.10473421591711417,0.25,0.2534504779981605,2.24468085106383,2.2025360098220608,0.551063829787234,0.5549589589065318,0.24911032028469748,0.26367684263237817,0.5,0.49653713725787674,1.0,0.9865516513788166,0.0008726322248378774
24,-2690033866874107.0,-3030805681012736.0,0.0,0.0,0.09574468085106383,0.10203735539729906,0.25,0.25241533459871235,2.234042553191489,2.211987972832889,0.5531914893617021,0.5544287180430829,0.2553191489361702,0.26116953452351577,0.5,0.4975759960805137,1.0,0.9905861559651716,0.000861867019052535
25,-4299133246238488.0,-4711872255229952.0,0.0,0.0,0.24468085106382978,0.14483040409725828,0.25,0.25169073421909866,1.8085106382978724,2.0909447724723838,0.551063829787234,0.5534192515663282,0.3487654320987655,0.28744830379609065,0.5,0.49830319725635963,1.0,0.9934103091756201,0.0008507374438531607
26,-6836169739117626.0,-7010692834000896.0,0.0,0.0,0.2526595744680851,0.17717915520850633,0.25892857142857145,0.25386208538194044,1.800531914893617,2.0038209151987534,0.5526595744680851,0.5531913484368552,0.3525789068514242,0.3069874847126907,0.5,0.49881223807945174,1.0,0.995387216422934,0.0008392547057785661
27,-7940303676001608.0,-8962507435671552.0,0.0,0.0,0.24468085106382978,0.19742966396510336,0.25,0.2527034597673583,1.8404255319148937,1.9548023002135952,0.5446808510638298,0.5506381992249476,0.3333333333333333,0.31489123929888346,0.5,0.49916856665561615,1.0,0.9967710514960537,0.0008274303669726426
28,-1.1126189204872444e+16,-1.2244685472923648e+16,0.0,0.0,0.24468085106382978,0.21160502009472126,0.25,0.2518924218371508,1.8404255319148937,1.9204892697239848,0.5446808510638298,0.5488509947766123,0.3333333333333333,0.3204238675092184,0.5,0.4994179966589313,1.0,0.9977397360472375,0.0008152763335422613
29,-1.55204730352225e+16,-1.6488963564896256e+16,0.0,0.0,0.24468085106382978,0.2215277693854538,0.25,0.25132469528600554,1.8404255319148937,1.8964701483812574,0.5446808510638298,0.5475999516627774,0.3333333333333333,0.3242967072564529,0.5,0.49959259766125186,1.0,0.9984178152330663,0.0008028048435688333
30,-2.235670286966011e+16,-2.2150720450985984e+16,0.0,0.0,0.24468085106382978,0.22847369388896657,0.25,0.25092728670020387,1.8404255319148937,1.8796567634413481,0.5446808510638298,0.5467242214830931,0.3333333333333333,0.327007695079517,0.5,0.49971481836287623,1.0,0.9988924706631463,0.0007900284547855992
31,-2.6743468167394904e+16,-2.8593815640080384e+16,0.0,0.0,0.24468085106382978,0.23333584104142552,0.25,0.2506491006901427,1.8404255319148937,1.8678873939834117,0.5446808510638298,0.546111210357314,0.3333333333333333,0.32890538655566187,0.5,0.49980037285401335,1.0,0.9992247294642025,0.0007769600319330552
32,-3.652164841686538e+16,-3.668778673609114e+16,0.0,0.0,0.24468085106382978,0.23673934404814678,0.25,0.2504543704830999,1.8404255319148937,1.8596488353628562,0.5446808510638298,0.5456821025692687,0.3333333333333333,0.3302337705889633,0.5,0.49986026099780934,1.0,0.9994573106249416,0.0007636127338052513
33,-4.3741773381738344e+16,-4.568156851299942e+16,0.0,0.0,0.24468085106382978,0.23912179615285167,0.25,0.2503180593381699,1.8404255319148937,1.8538818443284675,0.5446808510638298,0.5453817271176371,0.3333333333333333,0.3311636394122743,0.5,0.49990218269846654,1.0,0.999620117437459,0.00075
34,-5.867246865190897e+16,-5.711331546103808e+16,0.0,0.0,0.24468085106382978,0.2407895126261451,0.25,0.2502226415367189,1.8404255319148937,1.8498449506043952,0.5446808510638298,0.5451714643014949,0.3333333333333333,0.33181454758859197,0.5,0.4999315278889266,1.0,0.9997340822062213,0.0007361355373863414
35,-7.013998143935562e+16,-7.008630712827904e+16,0.0,0.0,0.24468085106382978,0.2419569141574505,0.25,0.2501558490757032,1.8404255319148937,1.8470191249975447,0.5446808510638298,0.5450242803301953,0.3333333333333333,0.33227018331201436,0.5,0.4999520695222486,1.0,0.9998138575443549,0.0007220333063028871
36,-9.29881671330792e+16,-8.547064805431706e+16,0.0,0.0,0.24468085106382978,0.24277409522936427,0.25,0.2501090943529922,1.8404255319148937,1.8450410470727494,0.5446808510638298,0.5449212515502857,0.3333333333333333,0.33258912831841003,0.5,0.49996644866557394,1.0,0.9998697002810484,0.0007077075065009433
37,-1.081979874416555e+17,-1.0276505542616678e+17,0.0,0.0,0.24468085106382978,0.2433461219797039,0.25,0.25007636604709454,1.8404255319148937,1.8436563925253924,0.5446808510638298,0.5448491314043489,0.3333333333333333,0.332812389822887,0.5,0.4999765140659017,1.0,0.9999087901967338,0.0006931725628465643
38,-1.2671408793033114e+17,-1.27219499697963e+17,0.0,0.0,0.24468085106382978,0.24374654070494164,0.25,0.25005345623296615,1.8085106382978724,1.8331126662571364,0.551063829787234,0.5467135409192144,0.3487654320987655,0.33759830250565054,0.5,0.4999835598461312,1.0,0.9999361531377136,0.0006784431107959359
39,-1.5242462019213536e+17,-1.519546716221604e+17,0.0,0.0,0.24468085106382978,0.24402683381260806,0.25,0.2500374193630763,1.8085106382978724,1.8257320578693572,0.551063829787234,0.5480186275796203,0.3487654320987655,0.340948441383585,0.5,0.4999884918922918,1.0,0.9999553071963994,0.0006635339816587109
40,-1.9992524462687443e+17,-1.777080170834821e+17,0.0,0.0,0.24468085106382978,0.24422303898797457,0.25,0.2500261935541534,1.8085106382978724,1.8205656319979115,0.551063829787234,0.5489321882419044,0.3487654320987655,0.3432935385981391,0.5,0.49999194432460425,1.0,0.9999687150374794,0.0006484601876641375
41,-1.9521998555475984e+17,-2.021050462324654e+17,0.0,0.0,0.24468085106382978,0.24436038261073112,0.25,0.25001833548790736,1.8085106382978724,1.8169491338878996,0.551063829787234,0.5495716807055032,0.3487654320987655,0.344935106648327,0.5,0.49999436102722294,1.0,0.9999781005262356,0.0006332369068450174
42,-2.1683317270624883e+17,-2.2728315813389926e+17,0.0,0.0,0.24468085106382978,0.2444565231466607,0.25,0.25001283484153514,1.8085106382978724,1.8144175852108915,0.551063829787234,0.5500193254300224,0.3487654320987655,0.34608420428345854,0.5,0.499996052719056,1.0,0.9999846703683648,0.0006178794677547138
43,-2.512310946010804e+17,-2.5514906056916992e+17,0.0,0.0,0.24468085106382978,0.2445238215218114,0.25,0.2500089843890746,1.8085106382978724,1.8126455011369855,0.551063829787234,0.5503326767371859,0.3487654320987655,0.3468885726280506,0.5,0.4999972369033392,1.0,0.9999892692578554,0.0006024033340325954
44,-2.702273798011098e+17,-1.2243917532771123e+17,0.0,0.0,0.24468085106382978,0.2445709303844169,0.25,0.25000628907235223,1.8138297872340425,1.8130007869661025,0.55,0.5502328737160301,0.3492307692307692,0.3475912316088662,0.5,0.4999980658323374,1.0,0.9999924884804987,0.0005868240888334653
45,-2.8079033653016582e+17,-3.1033732873846784e+17,0.0,0.0,0.24468085106382978,0.24460390658824074,0.25,0.2500044023506465,1.8085106382978724,1.8116537423656331,0.551063829787234,0.5504821605373913,0.3487654320987655,0.34794349175583594,0.5,0.4999986460826361,1.0,0.9999947419363491,0.0005711574191366427
46,-3.367399618184602e+17,-3.419265039629025e+17,0.0,0.0,0.24468085106382978,0.24462698993091744,0.25,0.25000308164545254,1.8085106382978724,1.810710811145305,0.551063829787234,0.550656661312344,0.3487654320987655,0.3481900738587148,0.5,0.49999905225784524,1.0,0.9999963193554442,0.0005554190999505056
47,-3.7435326930276026e+17,-3.760827983200256e+17,0.0,0.0,0.24468085106382978,0.24464314827079114,0.25,0.2500021571518168,1.8085106382978724,1.8100507592910748,0.551063829787234,0.550778811854811,0.3487654320987655,0.34836268133073,0.5,0.49999933658049167,1.0,0.9999974235488109,0.0005396249784283942
48,-4.161584792036521e+17,-4.116444746958766e+17,0.0,0.0,0.24468085106382978,0.24465445910870273,0.25,0.25000151000627174,1.8085106382978724,1.809588722993114,0.551063829787234,0.5508643172345379,0.3487654320987655,0.34848350656114063,0.5,0.49999953560634414,1.0,0.9999981964841675,0.0005237909579118712
49,-4.313927179040838e+17,-4.4709647478685696e+17,0.0,0.0,0.24468085106382978,0.24466237669524082,0.25,0.2500010570043902,1.8085106382978724,1.8092652975845414,0.551063829787234,0.5509241710003467,0.3487654320987655,0.3485680842224281,0.5,0.49999967492444086,1.0,0.9999987375389172,0.000507932981917404
50,-5.133301976831371e+17,-4.863454664856699e+17,0.0,0.0,0.24468085106382978,0.2446679190058175,0.25,0.2500007399030731,1.8085106382978724,1.8090388997985407,0.551063829787234,0.5509660686364128,0.3487654320987655,0.34862728858532926,0.5,0.4999997724471086,1.0,0.9999991162772419,0.000492067018082596
51,-5.619500608153091e+17,-5.2535273742506394e+17,0.0,0.0,0.24468085106382978,0.24467179862322117,0.25,0.25000051793215117,1.8138297872340425,1.8104761660291913,0.55,0.550676248045489,0.3492307692307692,0.3488083327789612,0.5,0.499999840712976,1.0,0.9999993813940693,0.0004762090420881289
52,-5.55000983173192e+17,-5.5968034943768986e+17,0.0,0.0,0.24468085106382978,0.24467451435540374,0.25,0.2500003625525058,1.8138297872340425,1.8114822523906466,0.55,0.5504733736318422,0.3492307692307692,0.34893506371450356,0.5,0.49999988849908317,1.0,0.9999995669758484,0.00046037502157160573
53,-6.06155703166099e+17,-5.939882046007542e+17,0.0,0.0,0.24468085106382978,0.24467641536793155,0.25,0.25000025378675406,1.8138297872340425,1.8121865128436654,0.55,0.5503313615422896,0.3492307692307692,0.3490237753693832,0.5,0.49999992194935816,1.0,0.9999996968830938,0.00044458090004949454
54,-6.791092425197696e+17,-6.267101516797051e+17,0.0,0.0,0.24468085106382978,0.244677746076701,0.25,0.25000017765072785,1.8138297872340425,1.8126794951607785,0.55,0.5502319530796027,0.3492307692307692,0.34908587352779896,0.5,0.4999999453645507,1.0,0.9999997878181657,0.0004288425808633575
55,-6.48075282034973e+17,-6.880822794020454e+17,0.0,0.0,0.24468085106382978,0.24467867757283962,0.25,0.2500001243555095,1.8085106382978724,1.8114288381019064,0.551063829787234,0.5504815160918921,0.3487654320987655,0.3489897410990889,0.5,0.49999996175518546,1.0,0.999999851472716,0.00041317591116653486
56,-7.450034047056015e+17,-7.286840140004065e+17,0.0,0.0,0.24468085106382978,0.24467932962013667,0.25,0.2500000870488566,1.8085106382978724,1.8105533781606962,0.551063829787234,0.5506562102004946,0.3487654320987655,0.3489224483989919,0.5,0.49999997322862977,1.0,0.9999998960309011,0.0003975966659674047
57,-8.395828535376869e+17,-7.72349400310612e+17,0.0,0.0,0.24468085106382978,0.24467978605324459,0.25,0.25000006093419963,1.8085106382978724,1.8099405562018487,0.551063829787234,0.5507784960765164,0.3487654320987655,0.34887534350892396,0.5,0.49999998126004086,1.0,0.9999999272216307,0.0003821205322452863
58,-8.158368053970738e+17,-8.117031892114473e+17,0.0,0.0,0.24468085106382978,0.24468010555642014,0.25,0.2500000426539397,1.8085106382978724,1.8095115808306557,0.551063829787234,0.5508640961897316,0.3487654320987655,0.3488423700858764,0.5,0.4999999868820286,1.0,0.9999999490551414,0.0003667630931549826
59,-9.341920550099205e+17,-8.547318895696937e+17,0.0,0.0,0.2526595744680851,0.24707394622991963,0.33194444444444443,0.2745833631910911,1.8164893617021276,1.8116049150920972,0.551595744680851,0.5510835907370675,0.34396887159533074,0.34738032053871265,0.5,0.49999999081741997,1.0,0.9999999643385991,0.00035153981233586274
60,-9.189341695835369e+17,-8.941268414370939e+17,0.0,0.0,0.13031914893617022,0.21204750704179479,0.26805555555555555,0.2726250209004304,2.140957446808511,1.910410674607021,0.549468085106383,0.5505989390478621,0.2717110920034394,0.32467955197813064,0.5,0.49999999357219393,1.0,0.9999999750370192,0.0003364660183412892
61,-1.0546554793507813e+18,-9.371024216398234e+17,0.0,0.0,0.2526595744680851,0.2242311272696819,0.33194444444444443,0.2904208479636346,1.8058510638297873,1.8790427913738508,0.5526595744680851,0.551217129673929,0.34755624515128003,0.3315425599300754,0.5,0.49999999550053575,1.0,0.9999999825259134,0.00032155688920406414
62,-9.904005121693153e+17,-9.74167577087443e+17,0.0,0.0,0.2553191489361702,0.23355753376962834,0.3333333333333333,0.3032945935745442,1.797872340425532,1.854691656089355,0.5531914893617021,0.5518094375802609,0.34984520123839014,0.3370333523225698,0.5,0.499999996850375,1.0,0.9999999877681394,0.00030682743715343565
63,-1.0653789533898781e+18,-1.0127110946380841e+18,0.0,0.0,0.2526595744680851,0.23928814597916537,0.33194444444444443,0.31188954883551423,1.824468085106383,1.8456245847944635,0.5521276595744681,0.551904904178523,0.34321372854914195,0.33888746519054147,0.5,0.4999999977952625,1.0,0.9999999914376976,0.0002922924934990568
64,-1.0071170869144861e+18,-1.0463486600250655e+18,0.0,0.0,0.09574468085106383,0.19622510644073488,0.25,0.29332268418485996,2.2127659574468086,1.955766996590167,0.5574468085106383,0.5535674754781575,0.2676056338028169,0.31750291577422407,0.5,0.49999999845668375,1.0,0.9999999940063882,0.0002779666936971129
65,-1.1622766848226964e+18,-1.0826123402155131e+18,0.0,0.0,0.09574468085106383,0.16608097876383354,0.25,0.280325878929402,2.2127659574468086,2.0328666848471593,0.5574468085106383,0.5547312753879018,0.2676056338028169,0.3025337311828019,0.5,0.4999999989196786,1.0,0.9999999958044716,0.0002638644626136587
66,-1.154717936395129e+18,-1.1162014583713956e+18,0.0,0.0,0.09574468085106383,0.14498008939000262,0.25,0.2712281152505814,2.2127659574468086,2.086836466627054,0.5574468085106383,0.5555459353247227,0.2676056338028169,0.2920553019688064,0.5,0.49999999924377503,1.0,0.9999999970631301,0.0002500000000000001
67,-1.1095019006671598e+18,-1.1471955229272965e+18,0.0,0.0,0.09574468085106383,0.13020946682832096,0.25,0.26485968067540694,2.2127659574468086,2.12461531387298,0.5574468085106383,0.5561161972804974,0.2676056338028169,0.2847204015190095,0.5,0.49999999947064244,1.0,0.9999999979441911,0.00023638726619474876
68,-1.1668888437086085e+18,-1.1773430322492867e+18,0.0,0.0,0.09574468085106383,0.11987003103514382,0.25,0.26040177647278484,2.2127659574468086,2.1510605069451283,0.5574468085106383,0.5565153806495396,0.2676056338028169,0.2795859712041517,0.5,0.49999999962944963,1.0,0.9999999985609338,0.00022303996806694487
69,-1.2767643386028818e+18,-1.207047988141097e+18,0.0,0.0,0.09574468085106383,0.11263242597991982,0.25,0.2572812435309494,2.2127659574468086,2.169572142095632,0.5574468085106383,0.5567948090078693,0.2676056338028169,0.27599186998375125,0.5,0.4999999997406147,1.0,0.9999999989926536,0.00020997154521440098
70,-1.348141032487998e+18,-1.2380723579862385e+18,0.0,0.0,0.09574468085106383,0.10756610244126302,0.25,0.25509687047166457,2.2127659574468086,2.182530286700985,0.5574468085106383,0.5569904088587,0.2676056338028169,0.2734759991294709,0.5,0.49999999981843024,1.0,0.9999999992948574,0.00019719515643116677
71,-1.4255286415573302e+18,-1.2663339299886858e+18,0.0,0.0,0.09574468085106383,0.10401967596420326,0.25,0.2535678093301652,2.2127659574468086,2.191600987924732,0.5574468085106383,0.5571273287542815,0.2676056338028169,0.27171488953147466,0.5,0.4999999998729011,1.0,0.9999999995064002,0.0001847236664577389
72,-1.3414953690723136e+18,-1.292171903485608e+18,0.0,0.0,0.09574468085106383,0.10153717743026143,0.25,0.25249746653111566,2.2127659574468086,2.1979504787813546,0.5574468085106383,0.5572231726811885,0.2676056338028169,0.2704821128128773,0.5,0.4999999999110307,1.0,0.9999999996544802,0.0001725696330273575
73,-1.3433637787596326e+18,-1.3149368794218496e+18,0.0,0.0,0.09574468085106383,0.09979942845650215,0.25,0.2517482265717809,2.2127659574468086,2.2023951223809908,0.5574468085106383,0.5572902634300234,0.2676056338028169,0.26961916910985917,0.5,0.4999999999377215,1.0,0.9999999997581361,0.00016074529422143398
74,-1.4507577059327642e+18,-1.338287070421975e+18,0.0,0.0,0.09574468085106383,0.09858300417487065,0.25,0.25122375860024665,2.2127659574468086,2.205506372900736,0.5574468085106383,0.5573372269542078,0.2676056338028169,0.26901510851774646,0.5,0.499999999956405,1.0,0.9999999998306952,0.00014926255614683932
75,-1.5966064584163328e+18,-1.3612421244308685e+18,0.0,0.0,0.09574468085106383,0.09773150717772859,0.25,0.25085663102017264,2.2127659574468086,2.2076842482645573,0.5574468085106383,0.557370101421137,0.2676056338028169,0.2685922661032676,0.5,0.4999999999694834,1.0,0.9999999998814866,0.0001381329809474649
76,-1.4199120811869532e+18,-1.3799914090245652e+18,0.0,0.0,0.09574468085106383,0.09713545927972916,0.25,0.25059964171412086,2.2127659574468086,2.2092087610192324,0.5574468085106383,0.5573931135479874,0.2676056338028169,0.26829627641313236,0.5,0.4999999999786383,1.0,0.9999999999170406,0.00012736777516212267
77,-1.374715259246999e+18,-1.397238210978906e+18,0.0,0.0,0.09574468085106383,0.09671822575112955,0.25,0.2504197491998846,2.2127659574468086,2.210275919947505,0.5574468085106383,0.5574092220367827,0.2676056338028169,0.2680890836300377,0.5,0.49999999998504674,1.0,0.9999999999419285,0.00011697777844051105
78,-1.455101714955922e+18,-1.4133668096077988e+18,0.0,0.0,0.09574468085106383,0.09642616228110983,0.25,0.2502938244399192,2.2127659574468086,2.211022931197296,0.5574468085106383,0.5574204979789393,0.2676056338028169,0.26794404868187144,0.5,0.4999999999895327,1.0,0.9999999999593499,0.00010697345262860636
79,-1.4934925080987628e+18,-1.428171871114756e+18,0.0,0.0,0.09574468085106383,0.09622171785209602,0.25,0.25020567710794345,2.2127659574468086,2.2115458390721496,0.5574468085106383,0.557428391138449,0.2676056338028169,0.2678425242181551,0.5,0.49999999999267286,1.0,0.9999999999715448,0.0001
80,-1.610692611686259e+18,-1.443633753380356e+18,0.0,0.0,0.09574468085106383,0.09607860675178635,0.25,0.2501439739755604,2.2127659574468086,2.211911874584547,0.5574468085106383,0.5574339163501058,0.2676056338028169,0.2677714570935536,0.5,0.499999999994871,1.0,0.9999999999800813,0.0001
81,-1.4381285949869422e+18,-1.4578481022652908e+18,0.0,0.0,0.09574468085106383,0.0959784289815696,0.25,0.25010078178289225,2.2127659574468086,2.2121680994432253,0.5574468085106383,0.5574377839982655,0.2676056338028169,0.26772171010633256,0.5,0.49999999999640965,1.0,0.9999999999860569,0.0001
82,-1.5397927048550413e+18,-1.4723869445193728e+18,0.0,0.0,0.09574468085106383,0.09590830454241786,0.25,0.2500705472480246,2.2127659574468086,2.2123474568443,0.5574468085106383,0.5574404913519773,0.2676056338028169,0.26768688721527784,0.5,0.4999999999974867,1.0,0.9999999999902398,0.0001
83,-1.7031058415489034e+18,-1.488346493235495e+18,0.0,0.0,0.09574468085106383,0.09585921743501165,0.25,0.2500493830736172,2.2127659574468086,2.2124730070250522,0.5574468085106383,0.5574423864995756,0.2676056338028169,0.26766251119153955,0.5,0.49999999999824063,1.0,0.9999999999931679,0.0001
84,-1.8426642256204058e+18,-1.5053698194514903e+18,0.0,0.0,0.09574468085106383,0.0958248564598273,0.25,0.250034568151532,2.2127659574468086,2.212560892151579,0.5574468085106383,0.5574437131028943,0.2676056338028169,0.26764544797492273,0.5,0.49999999999876843,1.0,0.9999999999952174,0.0001
85,-1.767361601598489e+18,-1.521844351926272e+18,0.0,0.0,0.09574468085106383,0.09580080377719825,0.25,0.2500241977060724,2.2127659574468086,2.212622411740148,0.5574468085106383,0.5574446417252175,0.2676056338028169,0.267633503723291,0.5,0.4999999999991379,1.0,0.999999999996652,0.0001
86,-1.5680168789647304e+18,-1.53619421561933e+18,0.0,0.0,0.09574468085106383,0.09578396689935792,0.25,0.2500169383942507,2.2127659574468086,2.212665475452146,0.5574468085106383,0.5574452917608437,0.2676056338028169,0.2676251427471487,0.5,0.4999999999993965,1.0,0.9999999999976563,0.0001
87,-1.7634450413757002e+18,-1.552210801501143e+18,0.0,0.0,0.09574468085106383,0.09577218108486969,0.25,0.2500118568759755,2.2127659574468086,2.2126956200505448,0.5574468085106383,0.5574457467857821,0.2676056338028169,0.26761929006384916,0.5,0.49999999999957756,1.0,0.9999999999983593,0.0001
88,-1.6726795493772035e+18,-1.567292115304579e+18,0.0,0.0,0.09574468085106383,0.09576393101472792,0.25,0.25000829981318284,2.2127659574468086,2.2127167212694236,0.5574468085106383,0.5574460653032389,0.2676056338028169,0.26761519318553945,0.5,0.49999999999970424,1.0,0.9999999999988514,0.0001
89,-1.5294025403463552e+18,-1.5813003057593057e+18,0.0,0.0,0.09574468085106383,0.09575815596562869,0.25,0.250005809869228,2.2127659574468086,2.212731492122639,0.5574468085106383,0.5574462882654587,0.2676056338028169,0.26761232537072266,0.5,0.49999999999979294,1.0,0.999999999999196,0.0001
90,-1.5645348672074534e+18,-1.5953306238855414e+18,0.0,0.0,0.09574468085106383,0.09575411343125922,0.25,0.25000406690845955,2.2127659574468086,2.2127418317198897,0.5574468085106383,0.5574464443390126,0.2676056338028169,0.2676103179003509,0.5,0.499999999999855,1.0,0.9999999999994371,0.0001
91,-1.803401931815768e+18,-1.6116517744882483e+18,0.0,0.0,0.09574468085106383,0.0957512836572006,0.25,0.25000284683592167,2.2127659574468086,2.2127490694379652,0.5574468085106383,0.5574465535905003,0.2676056338028169,0.26760891267109066,0.5,0.4999999999998985,1.0,0.9999999999996059,0.0001
92,-1.7034851919373865e+18,-1.6271352346695434e+18,0.0,0.0,0.09574468085106383,0.09574930281535957,0.25,0.2500019927851452,2.2127659574468086,2.212754135840618,0.5574468085106383,0.5574466300665417,0.2676056338028169,0.26760792901060854,0.5,0.49999999999992895,1.0,0.999999999999724,0.0001
93,-1.687479820670384e+18,-1.6425902449874698e+18,0.0,0.0,0.09574468085106383,0.09574791622607084,0.25,0.2500013949496016,2.2127659574468086,2.2127576823224753,0.5574468085106383,0.5574466835997707,0.2676056338028169,0.267607240448271,0.5,0.49999999999995026,1.0,0.9999999999998068,0.0001
94,-1.6958553017470257e+18,-1.6579054798897152e+18,0.0,0.0,0.09574468085106383,0.09574694561356874,0.25,0.25000097646472114,2.2127659574468086,2.212760164859775,0.5574468085106383,0.557446721073031,0.2676056338028169,0.2676067584546348,0.5,0.49999999999996514,1.0,0.9999999999998648,0.0001
95,-1.9532164042744655e+18,-1.6750059093586084e+18,0.0,0.0,0.09574468085106383,0.09574626618481726,0.25,0.2500006835253048,2.2127659574468086,2.212761902635885,0.5574468085106383,0.5574467473043131,0.2676056338028169,0.2676064210590894,0.5,0.4999999999999756,1.0,0.9999999999999052,0.0001
96,-1.7679654810984937e+18,-1.6913175766735258e+18,0.0,0.0,0.09574468085106383,0.09574579058469122,0.25,0.25000047846771334,2.2127659574468086,2.212763119079162,0.5574468085106383,0.5574467656662107,0.2676056338028169,0.2676061848822076,0.5,0.4999999999999829,1.0,0.9999999999999336,0.0001
97,-1.8195359620613765e+18,-1.707676110671577e+18,0.0,0.0,0.09574468085106383,0.095745457664603,0.25,0.2500003349273993,2.2127659574468086,2.2127639705894557,0.5574468085106383,0.5574467785195389,0.2676056338028169,0.26760601955839036,0.5,0.499999999999988,1.0,0.9999999999999534,0.0001
98,-1.7936383818397716e+18,-1.7235780724661944e+18,0.0,0.0,0.09574468085106383,0.09574522462054125,0.25,0.2500002344491795,2.2127659574468086,2.2127645666466615,0.5574468085106383,0.5574467875168687,0.2676056338028169,0.2676059038317183,0.5,0.49999999999999156,1.0,0.9999999999999674,0.0001
99,-2.0244689648335672e+18,-1.741221385801302e+18,0.0,0.0,0.09574468085106383,0.09574506148969801,0.25,0.25000016411442566,2.2127659574468086,2.2127649838867054,0.5574468085106383,0.5574467938149996,0.2676056338028169,0.26760582282304785,0.5,0.4999999999999941,1.0,0.9999999999999771,0.0001
