epoch,train_loss,train_kd,valid_accuracy,valid_accuracy_smoothed,valid_mae,valid_mae_smoothed,valid_occupancy_accuracy,valid_occupancy_f1,valid_occupancy_threshold,learning_rate
0,0.14267216622829437,0.0,0.5478723404255319,0.5478723404255319,0.574468085106383,0.574468085106383,0.6297872340425532,0.6124721603563476,0.5,0.0018157053683958066
1,0.13911038637161255,0.0,0.5531914893617021,0.5494680851063829,0.5212765957446809,0.5585106382978724,0.7212765957446808,0.7265135699373696,0.5,0.0018079385628303353
2,0.1362365186214447,0.0,0.2074468085106383,0.44686170212765947,0.9946808510638298,0.6893617021276596,0.7755319148936171,0.7683863885839736,0.5,0.0017847710383305116
3,0.1405397355556488,0.0,0.19148936170212766,0.37024999999999986,0.925531914893617,0.7602127659574467,0.774468085106383,0.7601809954751132,0.5,0.0017465991976637792
4,0.10316617041826248,0.0,0.19148936170212766,0.31662180851063815,1.0425531914893618,0.8449148936170212,0.7872340425531915,0.7742663656884877,0.5,0.001694076171607179
5,0.13170897960662842,0.0,0.2074468085106383,0.2838693085106382,0.9627659574468085,0.8802702127659573,0.7840425531914894,0.7721661054994386,0.5,0.0016281006436986737
6,0.09236469864845276,0.0,0.19148936170212766,0.256155324468085,1.0265957446808511,0.9241678723404254,0.7904255319148936,0.7774011299435027,0.5,0.0015498014735126498
7,0.10963936150074005,0.0,0.17553191489361702,0.23196830159574458,1.074468085106383,0.9692579361702126,0.7851063829787234,0.774049217002237,0.5,0.0014605183815596216
8,0.1434692144393921,0.0,0.21808510638297873,0.22780334303191482,0.9787234042553191,0.9720975765957445,0.7829787234042553,0.7681818181818183,0.5,0.001361779026296855
9,0.10446107387542725,0.0,0.19148936170212766,0.21690914863297867,0.9946808510638298,0.97887255893617,0.7755319148936171,0.7621195039458851,0.5,0.001255272865468617
10,0.11968161910772324,0.0,0.24468085106382978,0.22524065936223397,0.8936170212765957,0.9532958976382977,0.7680851063829788,0.7470997679814385,0.5,0.001142822249015765
11,0.133480042219162,0.0,0.2393617021276596,0.22947697219186164,0.9202127659574468,0.9433709581340424,0.7861702127659574,0.7723669309173273,0.5,0.0010263512381630088
12,0.12189881503582001,0.0,0.18085106382978725,0.2148891996832393,1.074468085106383,0.9827000962257445,0.7851063829787234,0.774049217002237,0.5,0.0009078526841979033
13,0.10819023847579956,0.0,0.20212765957446807,0.2110607376506079,0.9893617021276596,0.9846985779963191,0.7914893617021277,0.7797752808988764,0.5,0.0007893541302327982
14,0.1289714276790619,0.0,0.20212765957446807,0.20838081422776594,0.9946808510638298,0.9876932599165723,0.7925531914893617,0.7791619479048698,0.5,0.0006728831193800415
15,0.11751808971166611,0.0,0.18617021276595744,0.20171763378922336,0.9946808510638298,0.9897895372607495,0.798936170212766,0.7892976588628763,0.5,0.0005604325029271898
16,0.13042837381362915,0.0,0.24468085106382978,0.21460659897160528,0.8776595744680851,0.95615054842295,0.7840425531914894,0.7726763717805152,0.5,0.00045392634209895187
17,0.12370387464761734,0.0,0.26595744680851063,0.23001185332267687,0.8617021276595744,0.9278160221939373,0.7914893617021277,0.7869565217391304,0.5,0.0003551869868361849
18,0.12446896731853485,0.0,0.25,0.2360082973258738,0.8776595744680851,0.9127690878761816,0.8031914893617021,0.7942157953281423,0.5,0.00026590389488315673
19,0.1473347246646881,0.0,0.2712765957446808,0.2465887868515159,0.8297872340425532,0.887874531726093,0.8021276595744681,0.7956043956043956,0.5,0.00018760472469713297
20,0.12159743160009384,0.0,0.25,0.24761215079606114,0.8351063829787234,0.8720440871018821,0.801063829787234,0.7969598262757872,0.5,0.00012162919678862757
21,0.10996447503566742,0.0,0.25,0.24832850555724278,0.8617021276595744,0.8689414992691897,0.8085106382978723,0.8043478260869565,0.5,6.910617073202757e-05
22,0.10424664616584778,0.0,0.2765957446808511,0.25680867729432527,0.8138297872340425,0.8524079856586455,0.8159574468085107,0.8113413304253,0.5,3.093433006529507e-05
23,0.1126026064157486,0.0,0.28191489361702127,0.26434054219113406,0.7872340425531915,0.8328558027270092,0.8148936170212766,0.8096280087527352,0.5,1.8157053683958065e-05
24,0.11319197714328766,0.0,0.2712765957446808,0.2664213582571981,0.8138297872340425,0.8271479980791191,0.8159574468085107,0.8121606948968512,0.5,1.8157053683958065e-05
